{"cameraMode":{"drawMode":0,"name":"Shaded","section":"Shading Mode"},"sceneLighting":true,"audioPlay":false,"sceneViewState":{"showFog":true,"showMaterialUpdate":false,"showSkybox":true,"showFlares":true,"showImageEffects":true,"showParticleSystems":true},"in2DMode":false,"pivot":{"x":103.692626953125,"y":-204.92984008789063,"z":-56.673736572265628},"rotation":{"x":-0.15525954961776734,"y":0.8447585105895996,"z":-0.36395499110221865,"w":-0.360347181558609},"size":879.5462036132813,"orthographic":false}