{"cameraMode":{"drawMode":0,"name":"Shaded","section":"Shading Mode"},"sceneLighting":true,"audioPlay":false,"sceneViewState":{"showFog":true,"showMaterialUpdate":false,"showSkybox":true,"showFlares":true,"showImageEffects":true,"showParticleSystems":true},"in2DMode":false,"pivot":{"x":57.98320007324219,"y":77.01144409179688,"z":506.5073547363281},"rotation":{"x":0.05976862832903862,"y":-0.8687000274658203,"z":0.1075105145573616,"w":0.4799850881099701},"size":329.39044189453127,"orthographic":false}